"year","snow.year","month","weather.n","mean.temp.C.cb","min.temp.C.cb","max.temp.C.cb","delta.mean.temp","snow.density.bb","precip.mm.cb.bb","no.gdd","mean.flow.ft3s.cb","mean.daylength","mean.wind.ms","mean.soiltemp.8in.C","mean.soiltemp.20in.C","mean.soilmoisture.8in","mean.soilmoisture.20in"
1975,"197475",1,31,-12.06,-21.19,-2.94,NA,0,0,NA,NA,9.512,6.141,NA,NA,NA,NA
1975,"197475",2,28,-10.64,-19.49,-1.79,-2.39,0,0,NA,NA,10.467,5.372,NA,NA,NA,NA
1975,"197475",3,31,-5.96,-13.85,1.94,-3.96,0,0,NA,NA,11.731,4.984,NA,NA,NA,NA
1975,"197475",4,30,-2.93,-11.11,5.24,-1.47,0,0,NA,NA,13.08,5.013,NA,NA,NA,NA
1975,"197475",5,31,3.27,-4.23,10.77,-1.86,0,0,NA,NA,14.219,4.175,NA,NA,NA,NA
1975,"197475",6,30,8.08,-0.79,16.96,0.0199999999999996,NA,26.2,202.15,NA,14.793,4.029,NA,NA,NA,NA
1975,"197475",7,31,11.9,3.47,20.31,-1.03,NA,64.7,356.9,NA,14.522,2.355,NA,NA,NA,NA
1975,"197475",8,31,11.89,1.63,22.16,-0.709999999999999,NA,16.8,368.7,NA,13.531,2.793,NA,NA,NA,NA
1974,"197475",9,30,7.98,-2.42,18.37,1.73,NA,19.8,239.3,NA,NA,NA,NA,NA,NA,NA
1974,"197475",10,31,4.42,-3.84,12.68,0.56,NA,55.9,143.85,NA,NA,NA,NA,NA,NA,NA
1974,"197475",11,30,-6.04,-14.21,2.13,0.28,NA,33.7,0.85,NA,NA,NA,NA,NA,NA,NA
1976,"197576",1,31,-13.89,-23.34,-4.44,NA,0.49,74.93,NA,NA,9.512,4.441,NA,NA,NA,NA
1976,"197576",2,29,-7.88,-16.59,0.85,3.45,0.61,168.66,NA,NA,10.487,5.451,NA,NA,NA,NA
1976,"197576",3,31,-6.91,-16.17,2.54,7.54,0.81,81.28,NA,NA,11.776,4.562,NA,NA,NA,NA
1976,"197576",4,30,0.37,-8.34,9.08,4.53,0.83,44.96,NA,NA,13.122,3.745,NA,NA,NA,NA
1976,"197576",5,31,6.36,-2.16,14.88,2.89,0.81,10.67,132.2,NA,14.249,2.72,NA,NA,NA,NA
1976,"197576",6,30,9.75,-0.18,19.49,1.48,NA,23.1,272.95,NA,14.798,3.728,NA,NA,NA,NA
1976,"197576",7,31,14.35,4.08,24.62,-0.0800000000000001,NA,38.6,444.9,NA,14.499,2.14,NA,NA,NA,NA
1976,"197576",8,31,11.89,2.21,21.56,-2.94,NA,45.6,368.45,NA,13.491,2.821,NA,NA,NA,NA
1975,"197576",9,30,8.2,-2.37,18.89,-6.63,NA,15.9,237.9,NA,12.224,2.579,NA,NA,NA,NA
1975,"197576",10,31,2.68,-8.68,13.8,-7.04,NA,22.7,98.45,NA,10.878,4.062,NA,NA,NA,NA
1975,"197576",11,30,-4.62,-13.55,4.31,-9.41,NA,56.4,23.55,NA,9.75,4.267,NA,NA,NA,NA
1975,"197576",12,31,-10.95,-19.77,-2.12,-4.78,0.69,59.44,0,NA,9.204,4.075,NA,NA,NA,NA
1977,"197677",1,31,NA,NA,NA,-1.83,0.58,47.5,NA,NA,9.512,3.782,NA,NA,NA,NA
1977,"197677",2,28,NA,NA,NA,2.76,0.53,51.05,NA,NA,10.467,3.442,NA,NA,NA,NA
1977,"197677",3,31,-8.87,-15.46,0.75,-0.95,0.59,60.71,NA,NA,11.731,4.274,NA,NA,NA,NA
1977,"197677",4,30,1.89,-6.48,9.34,3.3,0.68,58.17,28.6,NA,13.08,2.493,NA,NA,NA,NA
1977,"197677",5,31,6.8,-2.11,15.71,3.09,0.5,25.65,210.9,NA,14.219,3.52,NA,NA,NA,NA
1977,"197677",6,30,12.24,1.31,23.17,1.67,NA,4.1,367.15,NA,14.793,2.603,NA,NA,NA,NA
1977,"197677",7,31,14.06,4.48,23.65,2.45,NA,70.8,436,NA,14.522,2.829,NA,NA,NA,NA
1977,"197677",8,31,13.32,4.3,22.33,0,NA,36.1,412.85,NA,13.531,2.636,NA,NA,NA,NA
1976,"197677",9,30,9.21,0.3,17.85,0.219999999999999,NA,56.8,267.15,NA,12.179,2.459,NA,NA,NA,NA
1976,"197677",10,31,2.34,-7.37,12.06,-1.74,NA,5.6,80.9,NA,10.836,2.726,NA,NA,NA,NA
1976,"197677",11,30,-3.6,-13.45,6.26,1.42,NA,15.5,14.85,NA,9.721,2.948,NA,NA,NA,NA
1976,"197677",12,31,-8.54,-18.42,1.35,-5.6,0.22,8.89,0,NA,9.2,3.271,NA,NA,NA,NA
1978,"197778",1,31,-9.51,-15.6,-3.42,NA,1.21,125.22,NA,NA,9.512,3.883,NA,NA,NA,NA
1978,"197778",2,28,-9.11,-17.2,-1.02,NA,0.66,117.86,NA,NA,10.467,3.402,NA,NA,NA,NA
1978,"197778",3,31,-2.63,-9.88,4.61,-1.96,0.85,181.86,NA,NA,11.731,3.573,NA,NA,NA,NA
1978,"197778",4,30,NA,NA,NA,1.52,0.74,65.53,NA,NA,13.08,4.35,NA,NA,NA,NA
1978,"197778",5,31,5.07,-3.32,13.33,0.44,0.58,41.4,NA,NA,14.219,3.508,NA,NA,NA,NA
1978,"197778",6,30,NA,NA,NA,2.49,NA,NA,NA,NA,14.793,3.2,NA,NA,NA,NA
1978,"197778",7,31,13.34,2.41,24.26,-0.289999999999999,NA,31.2,413.4,NA,14.522,2.657,NA,NA,NA,NA
1978,"197778",8,31,12.29,1.49,23.08,1.43,NA,32.7,380.85,NA,13.531,2.683,NA,NA,NA,NA
1977,"197778",9,30,10.06,1.06,18.93,1.01,NA,44,291.75,NA,12.224,3.674,NA,NA,NA,NA
1977,"197778",10,31,NA,NA,NA,-0.34,NA,0,NA,NA,10.878,3.235,NA,NA,NA,NA
1977,"197778",11,30,-2.18,-9.19,4.82,1.02,NA,53,22.2,NA,9.75,4.853,NA,NA,NA,NA
1977,"197778",12,31,-7.9,-14.04,-1.75,2.41,1.11,151.89,1.4,NA,9.204,5.844,NA,NA,NA,NA
1979,"197879",1,31,-14.39,-22.73,-6.05,NA,1.22,191.01,NA,NA,9.512,3.448,NA,NA,NA,NA
1979,"197879",2,28,-10.61,-19.55,-1.66,NA,0.8,92.46,NA,NA,10.467,4.063,NA,NA,NA,NA
1979,"197879",3,31,-6.19,-15.58,3.19,6.24,1.09,95.5,NA,NA,11.731,3.272,NA,NA,NA,NA
1979,"197879",4,30,-0.69,-9.13,7.76,NA,0.53,30.48,NA,NA,13.08,3.377,NA,NA,NA,NA
1979,"197879",5,31,5.29,-2.85,13.33,-1.73,0.7,80.52,NA,NA,14.219,2.819,NA,NA,NA,NA
1979,"197879",6,30,9.36,-0.76,19.48,NA,NA,47.3,280.75,NA,14.793,3.089,NA,NA,NA,NA
1979,"197879",7,31,NA,NA,NA,-0.720000000000001,NA,NA,NA,NA,14.522,2.416,NA,NA,NA,NA
1979,"197879",8,31,10.72,0.2,21.25,-1.03,NA,1.8,85.8,NA,13.531,2.298,NA,NA,NA,NA
1978,"197879",9,30,9.07,-1.33,19.48,0.85,NA,22,273.1,NA,12.224,2.766,NA,NA,NA,NA
1978,"197879",10,31,4.66,-5.91,15.22,NA,NA,32.5,148.3,NA,10.878,2.872,NA,NA,NA,NA
1978,"197879",11,30,-3.44,-11.83,4.94,1.42,NA,66.8,26.6,NA,9.75,3.693,NA,NA,NA,NA
1978,"197879",12,31,-13.02,-20.48,-5.56,0.639999999999999,1.04,219.2,0,NA,9.204,4.798,NA,NA,NA,NA
1980,"197980",1,31,-9.01,-16.5,-1.59,-4.88,1.18,271.02,NA,63.903,9.512,4.347,NA,NA,NA,NA
1980,"197980",2,29,-11.07,-20.98,-1.05,-1.5,0.83,218.69,NA,60.31,10.487,3.785,NA,NA,NA,NA
1980,"197980",3,31,-8.81,-18.45,0.82,-3.56,1.06,141.99,NA,56.323,11.776,3.595,NA,NA,NA,NA
1980,"197980",4,30,-3.78,-12.16,4.94,NA,0.57,53.59,NA,183.567,13.122,3.108,NA,NA,NA,NA
1980,"197980",5,31,4.31,-2.71,11.33,0.22,0.71,66.8,NA,1144.935,14.249,2.756,NA,NA,NA,NA
1980,"197980",6,30,10.25,-0.59,21.1,NA,NA,0,270.45,1978,14.798,3.629,NA,NA,NA,NA
1980,"197980",7,31,13.26,2.6,23.92,NA,NA,27.7,411.1,745.452,14.499,2.608,NA,NA,NA,NA
1980,"197980",8,31,11.8,1.24,22.36,-1.57,NA,25.2,365.75,206.452,13.491,3.355,NA,NA,NA,NA
1979,"197980",9,30,9.56,-2.59,21.71,-0.99,NA,3.7,286.75,NA,12.224,2.509,NA,NA,NA,NA
1979,"197980",10,31,4.57,-5.36,14.5,NA,NA,22.1,156.55,97.194,10.878,2.964,NA,NA,NA,NA
1979,"197980",11,30,-8.84,-17.86,0.19,-1.26,NA,81.7,0,84.233,9.75,2.902,NA,NA,NA,NA
1979,"197980",12,31,-13.47,-24.39,-2.55,-5.12,0.35,29.97,0,72.581,9.204,3.652,NA,NA,NA,NA
1981,"198081",1,31,-8.18,-18.5,2.15,5.38,0.51,23.37,NA,50.129,9.512,2.971,NA,NA,NA,NA
1981,"198081",2,28,-7.99,-17.76,1.77,-0.460000000000001,0.34,39.12,NA,47.714,10.467,4.563,NA,NA,NA,NA
1981,"198081",3,31,-4.12,-11.5,3.26,-2.62,0.92,87.88,NA,47.935,11.731,2.784,NA,NA,NA,NA
1981,"198081",4,30,2.8,-5.83,11.42,-3.09,0.36,42.16,14.2,181.033,13.08,3.686,NA,NA,NA,NA
1981,"198081",5,31,6,-0.78,12.79,-0.98,0.9,46.23,187.75,406.129,14.219,2.978,NA,NA,NA,NA
1981,"198081",6,30,11.52,1.67,21.36,0.890000000000001,NA,6.6,345.5,632.567,14.793,3.203,NA,NA,NA,NA
1981,"198081",7,31,13.75,5.01,22.48,NA,NA,54.1,329.95,181.258,14.522,2.451,NA,NA,NA,NA
1981,"198081",8,31,12.76,2.88,22.63,1.08,NA,36.4,395.5,91.71,13.531,2.081,NA,NA,NA,NA
1980,"198081",9,30,8.33,-2.44,19.11,0.49,NA,32.5,250,120.633,12.179,3.319,NA,NA,NA,NA
1980,"198081",10,31,1.96,-8.17,12.09,-0.0899999999999999,NA,38.4,104.9,93.161,10.836,2.988,NA,NA,NA,NA
1980,"198081",11,30,-2.3,-11.1,6.51,-5.4,NA,18.3,38.95,74.833,9.721,3.636,NA,NA,NA,NA
1980,"198081",12,31,-5.42,-15.05,4.21,-0.450000000000001,0.28,40.64,5.9,61.161,9.2,4.091,NA,NA,NA,NA
1982,"198182",1,31,-12.08,-20.32,-3.83,0.83,1.33,160.53,NA,NA,9.512,5.344,NA,NA,NA,NA
1982,"198182",2,28,-11.45,-21.75,-1.16,3.08,0.94,55.12,NA,NA,10.467,3.41,NA,NA,NA,NA
1982,"198182",3,31,-5.92,-14.63,2.79,4.69,1.17,188.72,NA,NA,11.731,4.043,NA,NA,NA,NA
1982,"198182",4,30,-1.77,-9.88,6.33,6.58,0.88,59.94,NA,NA,13.08,4.026,NA,NA,NA,NA
1982,"198182",5,31,5.57,-1.55,12.7,1.69,0.84,41.91,NA,NA,14.219,2.857,NA,NA,NA,NA
1982,"198182",6,30,9.9,0.2,19.61,1.27,NA,19.6,297.1,NA,14.793,2.186,NA,NA,NA,NA
1982,"198182",7,31,12.87,2.42,23.33,0.49,NA,45.6,399.1,NA,14.522,2.928,NA,NA,NA,NA
1982,"198182",8,31,13.76,5.12,22.4,0.959999999999999,NA,85.2,426.6,NA,13.531,2.41,NA,NA,NA,NA
1981,"198182",9,30,9.92,0.32,19.52,-1.23,NA,42.2,297.65,77.567,12.224,3.048,NA,NA,NA,NA
1981,"198182",10,31,3.27,-4.18,10.72,-2.61,NA,57.7,112.1,NA,10.878,3.71,NA,NA,NA,NA
1981,"198182",11,30,-0.5,-8.96,7.96,6.54,NA,18.3,34.75,NA,9.75,3.536,NA,NA,NA,NA
1981,"198182",12,31,-7.4,-15.05,0.25,8.05,1.32,124.46,0,NA,9.204,5.04,NA,NA,NA,NA
1983,"198283",1,31,-10.31,-20.99,0.37,-3.9,0.52,30.73,NA,NA,9.512,3.809,NA,NA,NA,NA
1983,"198283",2,28,-7.8,-17.26,1.66,-3.46,0.86,90.68,NA,NA,10.467,3.512,NA,NA,NA,NA
1983,"198283",3,31,-3.3,-10.65,4.05,-1.8,1.31,142.75,NA,NA,11.731,3.51,NA,NA,NA,NA
1983,"198283",4,30,-2.68,-9.84,4.47,-4.57,0.86,105.16,NA,NA,13.08,3.12,NA,NA,NA,NA
1983,"198283",5,31,3.92,-3.3,11.14,-0.43,0.88,95.5,NA,NA,14.219,2.796,NA,NA,NA,NA
1983,"198283",6,30,9.84,0.38,19.3,-1.62,NA,35.8,229.05,NA,14.793,2.611,NA,NA,NA,NA
1983,"198283",7,31,14.09,5.22,22.97,-0.880000000000001,NA,29.5,436.9,NA,14.522,2.583,NA,NA,NA,NA
1983,"198283",8,31,14.68,5.36,24,1,NA,78.2,455.05,NA,13.531,1.812,NA,NA,NA,NA
1982,"198283",9,30,8.94,0.95,16.92,1.59,NA,73.5,268.05,NA,12.224,3.318,NA,NA,NA,NA
1982,"198283",10,31,2.25,-5.82,10.32,1.31,NA,29.7,89.2,NA,10.878,3.297,NA,NA,NA,NA
1982,"198283",11,30,-6.24,-14.85,2.38,1.8,NA,52.5,3.6,NA,9.75,3.723,NA,NA,NA,NA
1982,"198283",12,31,-10.61,-20.26,-0.96,-1.98,0.48,41.91,2.25,NA,9.204,4.35,NA,NA,NA,NA
1984,"198384",1,31,-17,-27.45,-6.54,1.77,0.5,26.16,NA,NA,9.512,3.066,NA,NA,NA,NA
1984,"198384",2,29,-12.37,-23.33,-1.41,3.65,0.68,45.47,NA,NA,10.487,3.604,NA,NA,NA,NA
1984,"198384",3,31,-7.43,-16.48,1.63,2.62,1.16,102.11,NA,NA,11.776,3.265,NA,NA,NA,NA
1984,"198384",4,30,-2.65,-11.33,6.02,-0.91,1.06,101.35,NA,NA,13.122,3.449,NA,NA,NA,NA
1984,"198384",5,31,6.68,-2.23,15.58,-1.65,0.66,68.07,NA,NA,14.249,3.145,NA,NA,NA,NA
1984,"198384",6,30,9.8,0.96,18.64,-0.0600000000000005,NA,70.2,276.15,NA,14.798,2.913,NA,NA,NA,NA
1984,"198384",7,31,14.44,5.55,23.26,1.22,NA,84,433.2,NA,14.499,1.931,NA,NA,NA,NA
1984,"198384",8,31,13.8,4.96,22.63,0.92,NA,68.8,413.85,NA,13.491,2.294,NA,NA,NA,NA
1983,"198384",9,30,10,-0.23,20.24,-0.98,NA,19.4,300.05,NA,12.224,3.146,NA,NA,NA,NA
1983,"198384",10,31,4.82,-4.09,13.72,-1.02,NA,35.3,149.35,NA,10.878,3.083,NA,NA,NA,NA
1983,"198384",11,30,-3.7,-11.15,3.76,-5.74,NA,105.8,36.1,NA,9.75,3.779,NA,NA,NA,NA
1983,"198384",12,31,-8.59,-15.28,-1.91,-3.21,1.88,307.34,1.4,NA,9.204,4.356,NA,NA,NA,NA
1985,"198485",1,31,-13.04,-23.08,-2.99,-6.69,0.91,71.63,NA,NA,9.512,2.619,NA,NA,NA,NA
1985,"198485",2,28,-11.93,-22.32,-1.53,-4.57,0.9,73.15,NA,NA,10.467,3.597,NA,NA,NA,NA
1985,"198485",3,31,-4.46,-12.87,3.95,-4.13,1.11,146.05,NA,NA,11.731,4.052,NA,NA,NA,NA
1985,"198485",4,30,1.2,-7.05,9.44,0.0300000000000002,0.8,86.61,NA,NA,13.08,3.162,NA,NA,NA,NA
1985,"198485",5,31,6.8,-1.02,14.61,2.76,0.6,44.7,61.65,NA,14.219,3.131,NA,NA,NA,NA
1985,"198485",6,30,11.07,0.62,21.52,-0.0399999999999991,NA,20.8,332,NA,14.793,2.772,NA,NA,NA,NA
1985,"198485",7,31,13.08,3.84,22.28,0.35,NA,63.7,379.45,NA,14.522,2.12,NA,NA,NA,NA
1985,"198485",8,31,12.74,1.62,23.87,-0.879999999999999,NA,21.9,395,NA,13.531,3.218,NA,NA,NA,NA
1984,"198485",9,30,9.36,0.53,18.18,1.06,NA,49.2,280.75,NA,12.179,3.187,NA,NA,NA,NA
1984,"198485",10,31,0.79,-6.04,7.61,2.57,NA,85.8,68.1,NA,10.836,3.121,NA,NA,NA,NA
1984,"198485",11,30,-6.08,-15.05,2.89,2.54,NA,40.9,2.45,NA,9.721,4.064,NA,NA,NA,NA
1984,"198485",12,31,-8.97,-17.24,-0.7,2.02,1.09,129.03,0,NA,9.2,4.369,NA,NA,NA,NA
1986,"198586",1,31,-11.89,-23.28,-0.5,3.96,0.61,35.31,NA,NA,9.512,4.365,NA,NA,NA,NA
1986,"198586",2,28,-6.52,-14.06,1.01,0.44,1.53,275.59,NA,NA,10.467,4.945,NA,NA,NA,NA
1986,"198586",3,31,-3.17,-12.56,6.21,2.97,0.65,56.64,NA,NA,11.731,3.575,NA,NA,NA,NA
1986,"198586",4,30,1.27,-5.56,8.09,3.85,1.05,121.92,NA,NA,13.08,4.383,NA,NA,NA,NA
1986,"198586",5,31,5.79,-2.94,14.51,0.12,0.5,55.88,22.5,NA,14.219,3.119,NA,NA,NA,NA
1986,"198586",6,30,11.66,1.85,21.46,1.27,NA,33.2,349.7,NA,14.793,2.669,NA,NA,NA,NA
1986,"198586",7,31,12.39,3.52,21.25,-1.36,NA,42.9,384,NA,14.522,3.509,NA,NA,NA,NA
1986,"198586",8,31,12.95,2.81,23.08,-1.06,NA,65.1,401.3,NA,13.531,2.34,NA,NA,NA,NA
1985,"198586",9,30,6.84,-1.02,14.71,-0.640000000000001,NA,124.1,205.9,NA,12.224,3.612,NA,NA,NA,NA
1985,"198586",10,31,3.5,-4.65,11.65,-4.03,NA,67.7,108.5,NA,10.878,3.267,NA,NA,NA,NA
1985,"198586",11,30,-4.06,-10.28,2.17,-2.38,NA,106.3,9.95,NA,9.75,4.431,NA,NA,NA,NA
1985,"198586",12,31,-12.09,-22.01,-2.17,-0.380000000000001,0.57,76.96,0,NA,9.204,3.971,NA,NA,NA,NA
1987,"198687",1,31,-12.05,-22.09,-2.02,1.15,0.83,88.9,NA,NA,9.512,4.184,NA,NA,NA,NA
1987,"198687",2,28,-9.34,-19.7,1.02,5.41,0.77,73.91,NA,NA,10.467,3.106,NA,NA,NA,NA
1987,"198687",3,31,-7.59,-18.16,2.99,1.29,1.06,82.8,NA,NA,11.731,3.006,NA,NA,NA,NA
1987,"198687",4,30,1.27,-8.41,10.96,0.0700000000000001,0.25,29.97,NA,NA,13.08,3.187,NA,NA,NA,NA
1987,"198687",5,31,6.19,-1.85,14.23,-1.01,0.63,31.24,126.05,NA,14.219,2.762,NA,NA,NA,NA
1987,"198687",6,30,11.18,0.45,21.9,0.59,NA,36.5,335.3,NA,14.793,2.361,NA,NA,NA,NA
1987,"198687",7,31,12.94,1.47,24.41,-0.69,NA,15.8,401.15,NA,14.522,2.779,NA,NA,NA,NA
1987,"198687",8,31,12.48,2.92,22.04,0.209999999999999,NA,89.9,386.9,NA,13.531,2.491,NA,NA,NA,NA
1986,"198687",9,30,7.05,-0.44,14.54,-2.52,NA,99.8,211.45,NA,12.224,4.119,NA,NA,NA,NA
1986,"198687",10,31,2.31,-5.58,10.21,2.71,NA,45,85.4,NA,10.878,2.694,NA,NA,NA,NA
1986,"198687",11,30,-4.4,-11.76,3.04,2.02,NA,75.8,11.9,NA,9.75,3.624,NA,NA,NA,NA
1986,"198687",12,31,-11.91,-22.13,-1.69,-3.12,0.32,22.61,0,NA,9.204,2.444,NA,NA,NA,NA
1988,"198788",1,31,-13.16,-22.25,-4.07,-0.16,1.09,150.88,NA,NA,9.512,4.754,NA,NA,NA,NA
1988,"198788",2,29,-10.96,-21.56,-0.36,-2.82,0.64,56.39,NA,NA,10.487,3.521,NA,NA,NA,NA
1988,"198788",3,31,-7.21,-16.38,1.96,-4.42,0.95,86.61,NA,NA,11.776,3.778,NA,NA,NA,NA
1988,"198788",4,30,1.43,-7.09,9.94,0,0.96,90.68,NA,NA,13.122,3.15,NA,NA,NA,NA
1988,"198788",5,31,6.19,-2.4,14.77,0.4,0.71,26.16,131.5,NA,14.249,3.828,NA,NA,NA,NA
1988,"198788",6,30,12.23,1.86,22.6,-0.48,NA,54,366.85,NA,14.798,2.513,NA,NA,NA,NA
1988,"198788",7,31,13.83,3.01,24.66,0.549999999999999,NA,50.2,428.85,NA,14.499,2.557,NA,NA,NA,NA
1988,"198788",8,31,13.53,3.76,23.29,-0.469999999999999,NA,36.8,419.35,NA,13.491,2.257,NA,NA,NA,NA
1987,"198788",9,30,8.11,-3.11,19.32,0.21,NA,13.7,243.2,NA,12.224,2.026,NA,NA,NA,NA
1987,"198788",10,31,4.55,-5.42,14.51,-1.19,NA,55.1,140.95,NA,10.878,2.714,NA,NA,NA,NA
1987,"198788",11,30,-4.02,-12.39,4.35,-0.340000000000001,NA,27.2,23.55,NA,9.75,2.86,NA,NA,NA,NA
1987,"198788",12,31,-9.54,-18,-1.09,0.18,1.45,82.8,0.6,NA,9.204,3.986,NA,NA,NA,NA
1989,"198889",1,31,-15.94,-25.8,-6.07,-1.11,0.61,57.15,NA,NA,9.512,4.141,NA,NA,NA,NA
1989,"198889",2,28,-10.47,-19.78,-1.17,-1.62,1.2,170.69,NA,NA,10.467,3.748,NA,NA,NA,NA
1989,"198889",3,31,-2.8,-11.42,5.82,0.38,0.86,101.09,NA,NA,11.731,4.074,NA,NA,NA,NA
1989,"198889",4,30,2.96,-4.99,10.68,0.16,0.72,91.44,NA,NA,13.08,3.557,NA,NA,NA,NA
1989,"198889",5,31,7.06,-1.7,15.83,0,0.46,43.69,149.8,NA,14.219,3.377,NA,NA,NA,NA
1989,"198889",6,30,10.7,1.09,20.31,1.05,NA,25.7,321,NA,14.793,2.3,NA,NA,NA,NA
1989,"198889",7,31,14.4,2.96,25.67,0.890000000000001,NA,63.6,432.1,NA,14.522,2.068,NA,NA,NA,NA
1989,"198889",8,31,12.11,2.26,21.95,1.05,NA,65.5,375.3,NA,13.531,2.923,NA,NA,NA,NA
1988,"198889",9,30,7.8,-2.35,17.95,1.06,NA,50.8,234,NA,12.179,3.752,NA,NA,NA,NA
1988,"198889",10,31,4.91,-5.27,15.1,2.24,NA,18.7,152.35,NA,10.836,3.116,NA,NA,NA,NA
1988,"198889",11,30,-6.03,-13.9,1.85,0.380000000000001,NA,84.4,20.85,NA,9.721,4.514,NA,NA,NA,NA
1988,"198889",12,31,-13.51,-22.89,-4.13,2.37,0.75,110.24,0,NA,9.2,3.723,NA,NA,NA,NA
1990,"198990",1,31,-11.7,-21.85,-1.56,-2.78,1.08,68.83,NA,NA,9.512,4.971,NA,NA,NA,NA
1990,"198990",2,28,-8.91,-18.85,1.03,0.49,0.9,93.22,NA,NA,10.467,3.694,NA,NA,NA,NA
1990,"198990",3,31,-1.9,-9.53,5.73,4.41,1.23,84.33,NA,NA,11.731,3.111,NA,NA,NA,NA
1990,"198990",4,30,2.8,-4.43,10.02,1.53,1.68,153.42,NA,NA,13.08,2.998,NA,NA,NA,NA
1990,"198990",5,31,5.31,-3.67,14.3,0.869999999999999,0.7,49.28,100.25,NA,14.219,3.42,NA,NA,NA,NA
1990,"198990",6,30,12.08,0.63,23.54,-1.53,NA,11.9,362.45,NA,14.793,3.449,NA,NA,NA,NA
1990,"198990",7,31,13.69,4.31,23.08,0.57,NA,89.5,424.5,NA,14.522,2.235,NA,NA,NA,NA
1990,"198990",8,31,12.32,2.06,22.58,-1.42,NA,56.4,381.95,NA,13.531,2.149,NA,NA,NA,NA
1989,"198990",9,30,8.71,-1.96,19.39,-0.31,NA,37.8,261.45,NA,12.224,2.645,NA,NA,NA,NA
1989,"198990",10,31,2.82,-6.94,12.58,0.36,NA,24.3,120.2,NA,10.878,3.609,NA,NA,NA,NA
1989,"198990",11,30,-3.12,-12.59,6.34,-2.01,NA,30.8,15.35,NA,9.75,4.055,NA,NA,NA,NA
1989,"198990",12,31,-11.33,-21.25,-1.42,-3.97,0.77,38.35,1.1,NA,9.204,3.058,NA,NA,NA,NA
1991,"199091",1,31,-14.78,-26.29,-3.26,4.24,0.84,62.48,NA,NA,9.512,3.467,NA,NA,NA,NA
1991,"199091",2,28,-9.38,-21.55,2.79,1.56,0.49,65.79,NA,NA,10.467,2.927,NA,NA,NA,NA
1991,"199091",3,31,-5.92,-15.55,3.71,0.9,1.59,259.08,NA,NA,11.731,4.055,NA,NA,NA,NA
1991,"199091",4,30,-1.44,-9.95,7.08,-0.16,1.14,100.58,NA,NA,13.08,3.564,NA,NA,NA,NA
1991,"199091",5,31,5.8,-3.07,14.68,-1.75,0.31,18.54,76.65,NA,14.219,3.51,NA,NA,NA,NA
1991,"199091",6,30,10.4,0.98,19.82,1.38,NA,65.9,311.95,NA,14.793,3.073,NA,NA,NA,NA
1991,"199091",7,31,13.25,3.08,23.42,-0.710000000000001,NA,59.2,410.75,NA,14.522,2.31,NA,NA,NA,NA
1991,"199091",8,31,13.09,2.96,23.21,0.210000000000001,NA,34,405.7,NA,13.531,2.089,NA,NA,NA,NA
1990,"199091",9,30,10.78,0.65,20.9,0.910000000000001,NA,93.3,323.25,NA,12.224,1.827,NA,NA,NA,NA
1990,"199091",10,31,3,-5.72,11.72,-2.09,NA,54.4,113.55,NA,10.878,3.792,NA,NA,NA,NA
1990,"199091",11,30,-4.14,-12.95,4.66,2.91,NA,42.5,13.55,NA,9.75,4.131,NA,NA,NA,NA
1990,"199091",12,31,-13.03,-23.01,-3.05,2.18,0.87,71.63,0,NA,9.204,3.804,NA,NA,NA,NA
1992,"199192",1,31,-13.51,-23.92,-3.1,-3.08,0.29,23.11,NA,NA,9.512,2.955,NA,NA,NA,NA
1992,"199192",2,29,-8.33,-17.81,1.14,-0.470000000000001,0.86,70.36,NA,NA,10.487,2.81,NA,NA,NA,NA
1992,"199192",3,31,-2.98,-11.88,5.92,-4.02,1.12,106.17,NA,NA,11.776,2.732,NA,NA,NA,NA
1992,"199192",4,30,3.6,-4.54,11.73,-4.24,0.91,40.64,NA,NA,13.122,3.306,NA,NA,NA,NA
1992,"199192",5,31,7.87,-0.34,16.07,0.49,0.55,14.48,234.7,NA,14.249,2.487,NA,NA,NA,NA
1992,"199192",6,30,10.35,1.15,19.56,-1.68,NA,28,310.55,NA,14.798,2.334,NA,NA,NA,NA
1992,"199192",7,31,12.1,2.98,21.21,-0.44,NA,70.5,374.95,NA,14.499,2.711,NA,NA,NA,NA
1992,"199192",8,31,12.18,3,21.36,0.77,NA,89.8,377.6,NA,13.491,2.497,NA,NA,NA,NA
1991,"199192",9,30,9.02,-0.72,18.76,2.07,NA,44.9,270.55,NA,12.224,2.464,NA,NA,NA,NA
1991,"199192",10,31,3.5,-6.54,13.55,0.18,NA,42.2,132.2,NA,10.878,2.903,NA,NA,NA,NA
1991,"199192",11,30,-6.15,-13.54,1.24,-1.02,NA,94.4,8.9,NA,9.75,3.648,NA,NA,NA,NA
1991,"199192",12,31,-13.37,-23.9,-2.83,-1.7,0.59,27.69,0,NA,9.204,3.065,NA,NA,NA,NA
1993,"199293",1,31,-10.61,-18.73,-2.49,1.27,1.33,177.8,NA,NA,9.512,3.659,NA,NA,NA,NA
1993,"199293",2,28,-8.61,-16.08,-1.15,1.05,1.46,271.02,NA,NA,10.467,3.073,NA,NA,NA,NA
1993,"199293",3,31,-5.31,-14.75,4.13,2.94,0.91,105.16,NA,NA,11.731,2.895,NA,NA,NA,NA
1993,"199293",4,30,-1.06,-8.72,6.59,5.04,1.27,113.03,NA,NA,13.08,3.174,NA,NA,NA,NA
1993,"199293",5,31,5.58,-2.25,13.41,2.07,0.96,37.59,NA,NA,14.219,2.378,NA,NA,NA,NA
1993,"199293",6,30,9.83,0.3,19.36,-0.0500000000000007,NA,26.8,260.1,NA,14.793,2.886,NA,NA,NA,NA
1993,"199293",7,31,12.58,2.17,22.98,-1.15,NA,26.4,389.95,NA,14.522,3.293,NA,NA,NA,NA
1993,"199293",8,31,12.25,3.36,21.14,-0.91,NA,68.1,379.75,NA,13.531,2.421,NA,NA,NA,NA
1992,"199293",9,30,8.62,-1.17,18.4,-1.76,NA,30.2,258.55,NA,12.179,3.512,NA,NA,NA,NA
1992,"199293",10,31,5.05,-4.78,14.88,0.5,NA,30,161.25,NA,10.836,2.869,NA,NA,NA,NA
1992,"199293",11,30,-9.41,-17.83,-0.98,-2.01,NA,44.8,0,NA,9.721,3.105,NA,NA,NA,NA
1992,"199293",12,31,-12.96,-21.74,-4.17,-0.34,1.08,102.11,0,NA,9.2,4.368,NA,NA,NA,NA
1994,"199394",1,31,-12.99,-23.24,-2.74,2.9,0.68,25.15,NA,56.387,9.512,4.023,NA,NA,NA,NA
1994,"199394",2,28,-11.4,-20.22,-2.58,-0.279999999999999,1.12,171.45,NA,50.357,10.467,4.316,NA,NA,NA,NA
1994,"199394",3,31,-4.33,-13.81,5.14,-2.33,0.65,69.34,NA,64.581,11.731,2.992,NA,NA,NA,NA
1994,"199394",4,30,0.3,-7.18,7.78,-4.66,1.29,140.97,NA,270.867,13.08,3.003,NA,NA,NA,NA
1994,"199394",5,31,6.93,-1.83,15.69,-2.29,0.39,30.48,103.8,1071.419,14.219,2.902,NA,NA,NA,NA
1994,"199394",6,30,12.19,0.98,23.39,-0.52,NA,10.9,365.65,1063.767,14.793,3.207,NA,NA,NA,NA
1994,"199394",7,31,13.8,2.4,25.2,0.48,NA,7.8,427.75,236.968,14.522,2.541,NA,NA,NA,NA
1994,"199394",8,31,14.32,4.42,24.21,0.0700000000000003,NA,44.1,443.8,104.839,13.531,2.605,NA,NA,NA,NA
1993,"199394",9,30,7.91,-1.97,17.78,-0.4,NA,64,237.2,NA,12.224,2.493,NA,NA,NA,NA
1993,"199394",10,31,2.72,-5.37,10.8,1.55,NA,79.4,106.45,160.419,10.878,2.469,NA,NA,NA,NA
1993,"199394",11,30,-7.96,-16.71,0.78,-3.26,NA,70.5,3.35,76.1,9.75,3.341,NA,NA,NA,NA
1993,"199394",12,31,-13.9,-24.04,-3.77,0.409999999999998,0.82,45.97,0,59,9.204,3.59,NA,NA,NA,NA
1995,"199495",1,31,-11.31,-20.27,-2.35,-2.38,1.14,89.41,NA,43.839,9.512,3.85,NA,NA,NA,NA
1995,"199495",2,28,-6.41,-15.38,2.56,-2.79,0.99,201.93,NA,53.893,10.467,3.6,NA,NA,NA,NA
1995,"199495",3,31,-4.78,-13.34,3.78,0.98,1.18,215.39,NA,80.032,11.731,3.661,NA,NA,NA,NA
1995,"199495",4,30,-1.41,-8.5,5.69,1.36,1.15,128.27,NA,140.6,13.08,3.067,NA,NA,NA,NA
1995,"199495",5,31,3.11,-2.94,9.15,1.35,1.8,218.69,NA,774.032,14.219,3.037,NA,NA,NA,NA
1995,"199495",6,30,9.47,0.43,18.5,2.36,NA,51.2,122.15,2450.333,14.793,2.651,NA,NA,NA,NA
1995,"199495",7,31,11.88,2.19,21.58,1.22,NA,59.4,368.4,1796.129,14.522,2.613,NA,NA,NA,NA
1995,"199495",8,31,14.37,4.21,24.54,2.07,NA,24.2,445.6,608.581,13.531,2.635,NA,NA,NA,NA
1994,"199495",9,30,9.51,-0.06,19.07,-0.709999999999999,NA,62.5,285.15,64.333,12.224,2.76,NA,NA,NA,NA
1994,"199495",10,31,2.71,-5.28,10.7,-2.33,NA,44.9,92.4,87.097,10.878,3.474,NA,NA,NA,NA
1994,"199495",11,30,-5.72,-12.94,1.5,1.45,NA,78.6,21.3,79.567,9.75,3.977,NA,NA,NA,NA
1994,"199495",12,31,-10.35,-19.75,-0.95,-0.94,0.72,73.15,0,52.839,9.204,3.093,NA,NA,NA,NA
1996,"199596",1,31,-11.5,-19.15,-3.84,1.68,1.46,224.54,NA,66.839,9.512,4.636,NA,NA,NA,NA
1996,"199596",2,29,-9.37,-18.79,0.04,4.99,1.18,189.23,NA,68.448,10.487,4.06,NA,NA,NA,NA
1996,"199596",3,31,-6.3,-15.33,2.72,-0.45,0.97,90.93,NA,59.903,11.776,3.439,NA,NA,NA,NA
1996,"199596",4,30,-0.11,-7.83,7.61,-1.71,0.98,101.35,NA,275.533,13.122,3.914,NA,NA,NA,NA
1996,"199596",5,31,7.89,-0.81,16.59,-3.82,0.43,17.78,100.65,1606.161,14.249,3.073,NA,NA,NA,NA
1996,"199596",6,30,11.03,1.19,20.87,-2.72,NA,51.3,330.9,1524.167,14.798,2.794,NA,NA,NA,NA
1996,"199596",7,31,14.53,4.08,24.98,-1.92,NA,27.4,450.4,495.548,14.499,2.363,NA,NA,NA,NA
1996,"199596",8,31,13.18,2.32,24.03,0.0499999999999989,NA,32.2,408.5,163.903,13.491,2.616,NA,NA,NA,NA
1995,"199596",9,30,9.31,-0.29,18.91,1.6,NA,71.3,279.3,179.8,12.224,2.408,NA,NA,NA,NA
1995,"199596",10,31,2.59,-6.52,11.7,-0.0100000000000002,NA,23.1,102.75,142.613,10.878,3.683,NA,NA,NA,NA
1995,"199596",11,30,-2.41,-10.69,5.88,2.24,NA,52.2,11.4,121,9.75,4.29,NA,NA,NA,NA
1995,"199596",12,31,-9.17,-18.79,0.45,3.55,0.67,78.74,6.1,66.516,9.204,3.603,NA,NA,NA,NA
1997,"199697",1,31,-11.67,-18.9,-4.44,-0.19,1.23,203.2,NA,66.516,9.512,4.373,NA,NA,NA,NA
1997,"199697",2,28,-12.16,-21.59,-2.72,-2.96,1,64.01,NA,53.25,10.467,2.981,NA,NA,NA,NA
1997,"199697",3,31,-5.55,-14.41,3.32,-1.52,0.48,34.54,NA,94,11.731,3.071,NA,NA,NA,NA
1997,"199697",4,30,-1.2,-7.76,5.35,1.3,1.19,149.61,NA,352.367,13.08,3.109,NA,NA,NA,NA
1997,"199697",5,31,6.69,-1.05,14.43,4.78,0.69,78.23,NA,1587.968,14.219,2.116,NA,NA,NA,NA
1997,"199697",6,30,11.06,1.55,20.58,1.56,NA,32.2,331.9,2124.667,14.793,2.381,NA,NA,NA,NA
1997,"199697",7,31,13.35,3.49,23.2,2.65,NA,20.1,413.75,705.387,14.522,2.279,NA,NA,NA,NA
1997,"199697",8,31,12.65,3.76,21.54,-1.19,NA,64,392.15,261.419,13.531,2.285,NA,NA,NA,NA
1996,"199697",9,30,8.09,-0.57,16.74,-0.199999999999999,NA,35.2,243.95,109.367,12.179,3.076,NA,NA,NA,NA
1996,"199697",10,31,2.19,-7.14,11.53,-0.12,NA,93,120.15,116.419,10.836,3.208,NA,NA,NA,NA
1996,"199697",11,30,-3.38,-11.21,4.45,3.31,NA,53.1,6.75,89.967,9.721,3.213,NA,NA,NA,NA
1996,"199697",12,31,-11.44,-18.76,-4.12,1.18,1.64,245.11,0,67.581,9.2,5.317,NA,NA,NA,NA
1998,"199798",1,31,-11.62,-20.01,-3.23,-0.17,1.17,128.02,NA,76.903,9.512,3.588,NA,NA,NA,NA
1998,"199798",2,28,-10.55,-18.87,-2.23,-2.79,1.08,86.11,NA,69.429,10.467,2.651,NA,NA,NA,NA
1998,"199798",3,31,-7.09,-15.77,1.6,0.75,0.85,95.5,NA,86.645,11.731,2.324,NA,NA,NA,NA
1998,"199798",4,30,-1.94,-8.86,4.98,-1.09,0.93,101.35,NA,170.067,13.08,2.326,NA,NA,NA,NA
1998,"199798",5,31,6.39,-2.37,15.15,-1.2,0.57,29.72,97.15,833.419,14.219,2.711,NA,NA,NA,NA
1998,"199798",6,30,9.16,-0.03,18.35,0.0300000000000011,NA,20.4,274.85,980.033,14.793,2.597,NA,NA,NA,NA
1998,"199798",7,31,14.74,5.55,23.94,-1.18,NA,78.6,457.05,552.129,14.522,1.954,NA,NA,NA,NA
1998,"199798",8,31,13.18,3.37,22.98,-0.529999999999999,NA,32.6,408.45,151.355,13.531,2.172,NA,NA,NA,NA
1997,"199798",9,30,9.99,1.42,18.56,-1.22,NA,74.6,299.75,178.967,12.224,2.644,NA,NA,NA,NA
1997,"199798",10,31,2.03,-7.28,11.34,-0.4,NA,55.6,117.4,182,10.878,3.339,NA,NA,NA,NA
1997,"199798",11,30,-5.56,-13.6,2.48,-0.97,NA,62.5,6.45,124.833,9.75,2.911,NA,NA,NA,NA
1997,"199798",12,31,-13.67,-23.16,-4.18,-2.27,0.89,46.99,0,88.387,9.204,2.884,NA,NA,NA,NA
1999,"199899",1,31,-9.25,-17.38,-1.13,0.0500000000000007,1.25,172.72,NA,63.194,9.512,3.543,NA,NA,NA,NA
1999,"199899",2,28,-9.4,-19.01,0.22,1.61,0.99,84.84,NA,61.464,10.467,3.84,NA,NA,NA,NA
1999,"199899",3,31,-2.4,-10.87,6.07,-1.54,0.53,46.23,NA,113.258,11.731,2.687,NA,NA,NA,NA
1999,"199899",4,30,-0.52,-7.31,6.28,-0.74,1.48,166.62,NA,262.6,13.08,3.432,NA,NA,NA,NA
1999,"199899",5,31,4.27,-3.48,12.02,-0.300000000000001,0.54,97.28,60.8,954.484,14.219,2.645,NA,NA,NA,NA
1999,"199899",6,30,9.89,0.03,19.74,-1.9,NA,30.8,296.6,1522.667,14.793,2.727,NA,NA,NA,NA
1999,"199899",7,31,14.43,6.11,22.74,1.39,NA,89.1,447.2,576.387,14.522,2.442,NA,NA,NA,NA
1999,"199899",8,31,13.15,5.16,21.13,0.529999999999999,NA,81.2,407.55,257.935,13.531,2.154,NA,NA,NA,NA
1998,"199899",9,30,11.2,0.95,21.46,1.9,NA,24.3,336.15,99.167,12.224,2.137,NA,NA,NA,NA
1998,"199899",10,31,3.23,-5.16,11.62,-0.16,NA,71.7,111.4,95,10.878,2.824,NA,NA,NA,NA
1998,"199899",11,30,-4.2,-11.93,3.52,-2.18,NA,56.3,10.55,89.033,9.75,3.204,NA,NA,NA,NA
1998,"199899",12,31,-9.54,-19.18,0.11,-2.23,0.65,18.8,0,64.774,9.204,3.102,NA,NA,NA,NA
2000,"199900",1,31,-8.86,-16.65,-1.06,2.37,1.32,119.89,NA,61.806,9.512,3.905,NA,NA,NA,NA
2000,"199900",2,29,-8.02,-16.49,0.44,1.15,1.05,152.4,NA,54.034,10.487,3.535,NA,NA,NA,NA
2000,"199900",3,31,-4.96,-13.76,3.85,4.69,1.36,104.39,NA,54.161,11.776,2.863,NA,NA,NA,NA
2000,"199900",4,30,2.44,-5.52,10.39,1.42,0.78,45.21,NA,338.5,13.122,3.597,NA,NA,NA,NA
2000,"199900",5,31,7.96,-0.95,16.87,-2.12,0.33,29.21,180.5,1101.065,14.249,3.141,NA,NA,NA,NA
2000,"199900",6,30,11.24,1.04,21.45,0.73,NA,33.4,337.35,744.3,14.798,3.138,NA,NA,NA,NA
2000,"199900",7,31,14.13,3.51,24.75,-0.31,NA,44,438,182.097,14.499,2.498,NA,NA,NA,NA
2000,"199900",8,31,14.42,5.04,23.81,-0.0299999999999994,NA,107.4,447.15,94.774,13.491,2.287,NA,NA,NA,NA
1999,"199900",9,30,7.88,-1.32,17.07,1.21,NA,61.7,238,187.867,12.224,2.13,NA,NA,NA,NA
1999,"199900",10,31,3.14,-8.42,14.69,1.2,NA,40,109.45,130.194,10.878,2.586,NA,NA,NA,NA
1999,"199900",11,30,-1.08,-12.3,10.13,1.36,NA,11.2,40.25,89.3,9.75,2.828,NA,NA,NA,NA
1999,"199900",12,31,-10.14,-19.09,-1.19,4.13,0.78,37.85,1.95,67.29,9.204,2.997,NA,NA,NA,NA
2001,"200001",1,31,-12.61,-21.94,-3.28,0.390000000000001,0.6,36.58,NA,53.581,9.512,3.094,NA,NA,NA,NA
2001,"200001",2,28,-8.86,-17.46,-0.26,1.38,1.18,117.09,NA,49.571,10.467,3.191,NA,NA,NA,NA
2001,"200001",3,31,-3.77,-10.75,3.21,-2.56,1.23,87.88,NA,56.226,11.731,2.575,NA,NA,NA,NA
2001,"200001",4,30,2.1,-5.33,9.54,2.96,1.01,73.41,NA,219.833,13.08,3.012,NA,NA,NA,NA
2001,"200001",5,31,7.3,-1.48,16.08,3.69,0.22,49.53,153.95,1055,14.219,2.869,NA,NA,NA,NA
2001,"200001",6,30,11.22,0.91,21.53,1.35,NA,41.1,336.6,789.933,14.793,2.774,NA,NA,NA,NA
2001,"200001",7,31,14.57,5.02,24.12,-0.299999999999999,NA,55.5,451.65,222.065,14.522,2.255,NA,NA,NA,NA
2001,"200001",8,31,13.31,4.3,22.32,1.27,NA,104.1,412.65,179.226,13.531,1.963,NA,NA,NA,NA
2000,"200001",9,30,9.9,0.53,19.27,-3.32,NA,44,298.6,95.3,12.179,3.127,NA,NA,NA,NA
2000,"200001",10,31,4.41,-4.13,12.96,-0.0899999999999999,NA,32.8,138.75,86.258,10.836,2.846,NA,NA,NA,NA
2000,"200001",11,30,-8.03,-16.07,0.02,3.12,NA,26.1,2.5,73.3,9.721,2.53,NA,NA,NA,NA
2000,"200001",12,31,-10,-18.21,-1.78,-0.600000000000001,1.01,105.92,0,57.903,9.2,3.368,NA,NA,NA,NA
2002,"200102",1,31,-12.4,-21.02,-3.78,-3.75,0.91,44.45,NA,48.503,9.512,3.321,NA,NA,NA,NA
2002,"200102",2,28,-12.36,-21.79,-2.93,-0.84,0.65,28.19,NA,47.111,10.467,2.86,NA,NA,NA,NA
2002,"200102",3,31,-7.97,-16.71,0.77,1.19,0.72,84.33,NA,59.394,11.731,3.017,NA,NA,NA,NA
2002,"200102",4,30,3.64,-4.35,11.64,-0.34,0.58,44.7,27.8,309.233,13.08,3.101,NA,NA,NA,NA
2002,"200102",5,31,6.36,-3.1,15.82,-0.66,0.3,4.06,197.1,450.226,14.219,2.305,NA,NA,NA,NA
2002,"200102",6,30,12.45,0.81,24.09,-0.0199999999999996,NA,10.2,373.45,308.533,14.793,2.425,NA,NA,NA,NA
2002,"200102",7,31,15.17,3.92,26.41,0.44,NA,33.5,470.2,101.574,14.522,1.89,18.24,16.7,1.25,6.74
2002,"200102",8,31,12.93,2.59,23.26,-1.11,NA,40,400.7,63.445,13.531,2.701,16.36,16.01,0.65,6.43
2001,"200102",9,30,9.58,-0.8,19.97,2.02,NA,33.8,287.45,107.4,12.224,2.473,NA,NA,NA,NA
2001,"200102",10,31,3.8,-5.19,12.78,1.27,NA,44.7,126.45,83.142,10.878,3.508,NA,NA,NA,NA
2001,"200102",11,30,-1.73,-9.76,6.3,-6.95,NA,71.4,44.45,79.067,9.75,2.405,NA,NA,NA,NA
2001,"200102",12,31,-13.15,-21.45,-4.86,0.140000000000001,0.71,55.63,0,58.135,9.204,3.316,NA,NA,NA,NA
2003,"200203",1,31,-10.51,-19.87,-1.15,0.209999999999999,0.57,23.37,NA,44.235,9.512,3.486,NA,NA,4.92,3.74
2003,"200203",2,28,-10.01,-17.78,-2.25,-3.5,1.15,138.18,NA,44.554,10.467,2.684,NA,NA,7.99,NA
2003,"200203",3,31,-5.06,-12.17,2.06,-4.2,0.91,68.07,NA,55.403,11.731,3.603,NA,NA,3.29,3.51
2003,"200203",4,30,0.62,-7.05,8.3,1.54,0.82,78.99,NA,227.277,13.08,3.128,NA,NA,17.07,15.45
2003,"200203",5,31,6.97,-1.13,15.06,-0.94,0.56,65.79,120,1066.355,14.219,2.268,NA,NA,25.08,23.35
2003,"200203",6,30,10.17,0.37,19.98,1.23,NA,20.9,305.2,1050.2,14.793,1.866,7.81,NA,18.66,24.89
2003,"200203",7,31,15.59,3.68,27.49,0.6,NA,47.4,483.2,248.839,14.522,2.279,4.98,2.29,9.39,20.93
2003,"200203",8,31,14.15,5.05,23.25,-0.380000000000001,NA,72.3,438.6,136.871,13.531,2.025,NA,NA,4.47,6.14
2002,"200203",9,30,9.24,0.95,17.54,-0.32,NA,99.1,277.25,72.137,12.224,2.605,10.58,8.76,0.94,7.83
2002,"200203",10,31,2.14,-6.39,10.66,-0.61,NA,60.1,82.95,84.61,10.878,2.028,NA,NA,NA,20.07
2002,"200203",11,30,-7.71,-15.9,0.49,6.3,NA,69.3,4.75,69.19,9.75,2.907,NA,NA,NA,5.2
2002,"200203",12,31,-12.29,-21,-3.59,-3.15,0.67,51.56,0,48.597,9.204,2.839,0.61,1.86,10.4,NA
2004,"200304",1,31,-13.81,-22.81,-4.8,1.89,0.73,82.8,NA,61.055,9.512,3.362,0.56,1.67,6.15,9.55
2004,"200304",2,29,-11.23,-19.63,-2.83,2.35,1.06,64.77,NA,54.79,10.487,2.595,0.56,1.45,6.37,9.59
2004,"200304",3,31,-2.53,-11.09,6.04,2.91,0.7,29.46,NA,126.755,11.776,3.136,0.56,1.11,13,13.1
2004,"200304",4,30,2.47,-4.33,9.27,-3.02,0.99,115.06,NA,322.033,13.122,2.703,0.56,1.11,27.27,25.67
2004,"200304",5,31,6.87,-1.84,15.59,0.609999999999999,0.45,26.67,182.55,805.323,14.249,3.155,5.52,4.59,21.6,24.27
2004,"200304",6,30,10.63,0.41,20.84,-2.28,NA,39.1,318.8,709.967,14.798,2.154,13.67,9.63,10.12,19.69
2004,"200304",7,31,13.1,3.64,22.57,0.42,NA,52.8,406.15,238.71,14.499,2.162,11.96,10.89,5.69,13.92
2004,"200304",8,31,11.52,1.64,21.41,1.22,NA,30.7,357.15,94.935,13.491,1.911,10.74,12.01,3.77,8.33
2003,"200304",9,30,8.13,-1.89,18.16,-0.34,NA,72.6,244,122.833,12.224,2.63,8.15,8.61,6.68,10.55
2003,"200304",10,31,5.85,-4.05,15.75,-1.66,NA,20.8,184.45,75.335,10.878,2.852,5.23,6.33,6.19,10.08
2003,"200304",11,30,-4.84,-11.12,1.44,-5.98,NA,69.6,20.3,69.597,9.75,3.32,1.74,3.3,4.85,9.67
2003,"200304",12,31,-10.45,-19.01,-1.9,0.860000000000001,1.01,102.36,0.3,59.606,9.204,3.611,1.02,2.17,6.12,9.51
2005,"200405",1,31,-9.07,-16.51,-1.64,-3.3,1.05,187.71,NA,53.397,9.512,3.358,NA,NA,NA,NA
2005,"200405",2,28,-10.26,-19.11,-1.4,-1.22,1.16,137.16,NA,55.279,10.467,2.531,NA,NA,NA,NA
2005,"200405",3,31,-6.19,-13.98,1.6,2.53,0.97,82.8,NA,58.416,11.731,2.717,NA,NA,NA,NA
2005,"200405",4,30,-0.12,-7.66,7.41,1.85,0.83,65.53,NA,251.32,13.08,3.192,NA,NA,NA,NA
2005,"200405",5,31,6.51,-1.84,14.85,-0.0999999999999996,0.57,54.86,50.25,1047.484,14.219,2.417,NA,NA,NA,NA
2005,"200405",6,30,9.95,0.92,18.97,0.460000000000001,NA,30.3,298.45,1278.7,14.793,2.901,NA,NA,NA,NA
2005,"200405",7,31,14.51,3.3,25.72,-2.49,NA,17.3,449.75,605.774,14.522,2.353,NA,NA,NA,NA
2005,"200405",8,31,12.7,3.84,21.56,-2.63,NA,67.8,393.65,180.097,13.531,1.976,10.24,6.43,6.64,13.91
2004,"200405",9,30,8.36,-0.57,17.29,-1.11,NA,42.4,250.8,82.103,12.179,2.844,8.33,8.91,3.41,9.96
2004,"200405",10,31,3.54,-3.95,11.03,3.71,NA,37.5,126.25,91.881,10.836,3.392,3.24,4.84,4.56,9.25
2004,"200405",11,30,-2.04,-9.27,5.19,2.87,NA,97.8,27.55,86.197,9.721,2.258,1.19,2.55,8.55,9.19
2004,"200405",12,31,-12.21,-20.42,-4.01,1.84,0.61,58.17,0,58.394,9.2,3.427,NA,NA,NA,NA
2006,"200506",1,31,-12.91,-21.61,-4.21,4.74,1.09,112.01,NA,75,9.512,3.63,0.56,8.33,19.17,20.62
2006,"200506",2,28,-12.45,-21.77,-3.13,0.970000000000001,0.77,43.69,NA,64.818,10.467,3.234,0.56,8.31,18.23,20.59
2006,"200506",3,31,-5.55,-12.92,1.82,-3.66,1.2,106.17,NA,68.932,11.731,2.519,0.56,8.33,17.85,20.55
2006,"200506",4,30,1.55,-6.63,9.74,-2.59,0.64,66.29,NA,427.237,13.08,3.11,0.06,11.09,28.37,26.74
2006,"200506",5,31,7.67,-1.66,17.01,-0.36,0.56,10.92,177.25,1210.903,14.219,2.78,4.94,11.11,23.3,26.43
2006,"200506",6,30,11.75,0.96,22.54,-0.680000000000001,NA,29.7,352.5,958.467,14.793,2.642,12.04,8.74,10.47,20.31
2006,"200506",7,31,15.11,6.29,23.93,1.41,NA,99.5,468.35,344.032,14.522,2.056,12.39,7.06,10.26,15.44
2006,"200506",8,31,13.34,4.95,21.74,1.18,NA,67.3,413.55,161.323,13.531,1.918,11.49,6.65,8.84,14.57
2005,"200506",9,30,9.64,0.27,19,0.229999999999999,NA,64.8,289.1,110.217,12.224,2.388,9,5.76,5.12,12.21
2005,"200506",10,31,4.47,-4.09,13.03,-2.31,NA,58.4,142.65,130.806,10.878,2.592,3.91,5.62,15.83,12.1
2005,"200506",11,30,-3.68,-11.54,4.18,2.8,NA,53.1,37.5,97.963,9.75,3.204,1.07,7.55,23.1,18.44
2005,"200506",12,31,-13.39,-20.76,-6.02,-1.76,1.12,139.95,0,73.974,9.204,3.528,0.56,8.33,19.62,20.81
2007,"200607",1,31,-13.17,-23.27,-3.06,-3.84,0.34,39.88,NA,69.894,9.512,2.485,0.41,9.65,18.05,23.82
2007,"200607",2,28,-7.93,-15.5,-0.36,-2.19,1.06,101.85,NA,60.493,10.467,3.746,0,9.44,15.87,23.09
2007,"200607",3,31,-3.29,-11.65,5.07,0.640000000000001,1.06,65.28,NA,137.387,11.731,2.861,0,9.37,17.25,23.1
2007,"200607",4,30,2.76,-4.59,10.11,1.67,1.06,61.98,NA,337.4,13.08,2.888,0.13,12.09,28.98,28.63
2007,"200607",5,31,6.42,-2.37,15.21,1.16,0.39,30.48,200.85,802.452,14.219,2.001,4.98,11.35,24.49,27.25
2007,"200607",6,30,11.09,0.67,21.5,1.8,NA,10.7,332.55,644.5,14.793,2.597,10.57,9.41,14.04,22.26
2007,"200607",7,31,15.31,5.28,25.35,0.6,NA,59.2,474.7,199.71,14.522,1.976,13.49,6.54,6.11,14.03
2007,"200607",8,31,14.4,4.99,23.8,0.640000000000001,NA,22,446.3,107.116,13.531,2.26,12.39,6.04,6.35,12.55
2006,"200607",9,30,6.58,-2.08,15.25,1.28,NA,65.6,200.3,148.46,12.224,2.356,6.72,6.15,12.67,13.46
2006,"200607",10,31,2.4,-4.55,9.35,0.93,NA,58.8,101.45,256.258,10.878,3.15,2.93,9.96,25.95,23.44
2006,"200607",11,30,-4.07,-12.71,4.56,-1.64,NA,53.9,14.15,147.667,9.75,2.848,0.73,10.62,22.59,25.73
2006,"200607",12,31,-9.34,-18.16,-0.53,-1.18,0.7,35.31,0.3,100.816,9.204,3.176,0.56,10.02,19.98,24.66
2008,"200708",1,31,-15.9,-23.89,-7.92,-0.26,1.62,207.52,NA,60.652,9.512,3.845,0,5.33,9.84,12.56
2008,"200708",2,29,-11.46,-19.7,-3.22,4.52,1.35,171.7,NA,61.155,10.487,3.407,0,5.5,8.84,12.58
2008,"200708",3,31,-8.93,-18.93,1.07,2.26,1.28,113.54,NA,66.748,11.776,3.043,0,5.56,8.73,12.71
2008,"200708",4,30,-3.21,-11.41,4.98,1.21,0.75,78.49,NA,200.07,13.122,2.812,0,6.36,17.78,14.72
2008,"200708",5,31,4.8,-2.75,12.34,-1.25,0.76,83.57,7.2,1268,14.249,2.568,0.09,12.26,30.76,29.24
2008,"200708",6,30,10.4,0.52,20.28,-0.66,NA,4.3,312,1889.667,14.798,2.549,8.75,11.07,22,26.37
2008,"200708",7,31,14.28,3.88,24.68,0.200000000000001,NA,26.1,442.75,846.323,14.499,1.921,12.6,7.97,8.59,17.92
2008,"200708",8,31,13.69,4.3,23.08,1.06,NA,42.7,424.4,241.419,13.491,2.046,11.27,6.81,7.86,14.84
2007,"200708",9,30,9.8,0.86,18.73,-3.06,NA,71.5,293.85,120.633,12.224,2.957,8.83,5.54,7.1,11.23
2007,"200708",10,31,3.66,-5.41,12.73,-2.07,NA,31.4,126.7,111.371,10.878,3.339,3.26,5.02,12.53,10.95
2007,"200708",11,30,-1.49,-11.13,8.15,-0.39,NA,3.3,28.1,76.79,9.75,3.096,0.63,5.06,15.03,11.7
2007,"200708",12,31,-13.28,-20.38,-6.18,4.05,1.36,204.98,0,70.332,9.204,3.13,-0.15,5.06,8.99,12.32
2009,"200809",1,31,-10.93,-18.67,-3.18,-2.73,0.92,111,NA,62.948,9.512,3.277,0,5.5,6.4,12.55
2009,"200809",2,28,-9.35,-18.16,-0.54,-3.53,0.97,114.55,NA,58.354,10.467,3.422,0,5.56,6.61,12.75
2009,"200809",3,31,-5.27,-13.87,3.32,-5.64,0.67,94.74,NA,74.526,11.731,3.39,0,5.56,6.92,12.95
2009,"200809",4,30,-1.25,-8.78,6.29,-5.97,1.07,96.52,NA,459.86,13.08,3.223,0,9.59,20.73,22.7
2009,"200809",5,31,NA,NA,NA,-1.62,0.33,15.49,0,1765.774,14.219,1.919,4.17,12.02,24.75,28.6
2009,"200809",6,30,9.9,2.13,17.67,-0.69,NA,36.9,296.95,1194.333,14.793,2.364,7.8,11.19,22.54,26.78
2009,"200809",7,31,13.66,3.58,23.75,-1.03,NA,32.6,423.6,439.806,14.522,2.029,11.99,9.28,13.82,21.69
2009,"200809",8,31,12.16,1.57,22.75,-0.710000000000001,NA,13.8,376.9,121.71,13.531,2.127,11.43,6.82,7.07,14.72
2008,"200809",9,30,8.55,-1.36,18.47,3.22,NA,37,256.55,138.4,12.179,2.102,8.24,6.07,6.25,12.81
2008,"200809",10,31,3.77,-5.79,13.33,1.26,NA,22.4,123.45,115.258,10.836,2.939,3.17,5.56,5.83,12.15
2008,"200809",11,30,-1.46,-9.04,6.12,2.58,NA,26.9,25.3,83.81,9.721,3.207,0.87,5.5,6.73,12.19
2008,"200809",12,31,-10.13,-17.1,-3.16,-3.94,1.27,183.64,0,68.055,9.2,3.688,-0.02,5.22,6.17,12.45
2010,"200910",1,31,-12.4,-20.76,-4.03,4.97,0.86,94.49,NA,60.068,9.512,2.693,-0.52,5.56,7.15,13.64
2010,"200910",2,28,-12.4,-21.11,-3.69,2.11,1.05,116.84,NA,55.764,10.467,2.317,-0.56,5.56,6.84,13.34
2010,"200910",3,31,-7.19,-16.45,2.08,3.66,0.88,45.72,NA,57.694,11.731,2.614,-0.31,5.56,7.45,13.41
2010,"200910",4,30,0.02,-7,7.04,1.96,1.05,112.78,NA,437.31,13.08,3.412,0,5.69,10.55,13.57
2010,"200910",5,31,5.08,-2.78,12.94,NA,0.89,62.23,126.7,724.613,14.219,3.244,1.86,8.72,20.69,20.45
2010,"200910",6,30,12.09,1.47,22.71,-0.5,NA,23.4,362.7,1322.533,14.793,2.597,10.19,9.93,16.2,23.59
2010,"200910",7,31,15.75,5.34,26.17,-0.619999999999999,NA,39.4,488.4,264.613,14.522,2.387,12.57,7.35,8.11,16.58
2010,"200910",8,31,13.76,5.01,22.51,-1.53,NA,73.3,426.65,153.555,13.531,2.48,11.37,6.65,11.45,14.13
2009,"200910",9,30,9.16,-0.38,18.7,-1.25,NA,56.7,274.85,84.427,12.224,2.631,8.28,5.48,5.87,11.44
2009,"200910",10,31,1.22,-5.63,8.08,0.11,NA,52.5,82.8,96.961,10.878,3.089,2.26,5,11.95,11.24
2009,"200910",11,30,-3.08,-12.18,6.02,0.03,NA,19.6,31.7,82.403,9.75,2.676,0.62,5.42,15.93,12.33
2009,"200910",12,31,-13.85,-21.83,-5.88,3.15,0.73,125.48,0,61.003,9.204,3.041,0.06,5.56,11.73,13.45
2011,"201011",1,31,-15.66,-24.53,-6.79,-1.47,0.78,55.37,NA,68.81,9.512,3.191,0.56,6.67,15.45,16.12
2011,"201011",2,28,-13.44,-22.06,-4.82,-3.05,1.18,137.92,NA,59.539,10.467,3.857,0.56,6.67,14.83,16.12
2011,"201011",3,31,-5.27,-13.16,2.62,-1.92,1.01,121.92,NA,68.858,11.731,3.365,0.29,6.67,17.76,16.47
2011,"201011",4,30,-0.4,-6.89,6.1,1.27,1.3,170.69,NA,231.83,13.08,3.402,0,11.67,26.9,28.04
2011,"201011",5,31,4.28,-2.96,11.52,NA,1.08,81.79,NA,882.194,14.219,3.129,0.02,12.46,28.56,29.62
2011,"201011",6,30,11.44,0.24,22.64,2.19,NA,3.1,278.75,2171.667,14.793,3.163,9.02,10.98,20.65,26.06
2011,"201011",7,31,15.65,5.77,25.53,2.09,NA,36.5,485.15,1261.677,14.522,2.188,12.62,8.36,10.8,19.31
2011,"201011",8,31,15.04,3.82,26.26,1.6,NA,16.9,466.25,249.839,13.531,2.253,12.45,6.42,6.41,13.68
2010,"201011",9,30,10.49,-1.18,22.16,0.609999999999999,NA,25.4,314.7,74.52,12.224,2.735,9.63,5.93,6.82,12.51
2010,"201011",10,31,4.83,-3.91,13.56,-2.55,NA,79.7,170.4,72.59,10.878,3.16,4.73,5.17,5.34,11.33
2010,"201011",11,30,-5.46,-14.35,3.43,-1.62,NA,61.6,29.7,102.4,9.75,3.445,1.04,6.23,19.02,15.06
2010,"201011",12,31,-6.94,-14.03,0.15,-3.72,1.28,281.18,0.25,81.606,9.204,3.187,0.56,6.67,15.79,16.42
2012,"201112",1,31,-10.31,-20.7,0.09,-3.26,0.62,104.14,NA,56.577,9.512,3.32,-0.56,5.02,4.22,11.42
2012,"201112",2,29,-10.81,-19.65,-1.73,-1.04,1.09,105.66,NA,52.931,10.487,3.143,-0.56,5,4.14,11.4
2012,"201112",3,31,-3.5,-13.14,6.14,1.92,0.27,21.84,NA,114.274,11.776,2.959,-0.27,5.02,6.38,11.53
2012,"201112",4,30,3.62,-5.8,13.03,-0.42,0.61,39.62,50.95,286.033,13.122,3.175,1.77,9.36,23.23,22.35
2012,"201112",5,31,7.91,-2.84,18.66,-0.8,0.29,23.11,245.25,442.806,14.249,3.035,7.22,9.64,17.61,23.41
2012,"201112",6,30,13.81,1.24,26.2,-0.65,NA,0.8,386.75,273.367,14.798,3.098,13.21,6.73,7.06,14.76
2012,"201112",7,31,15.86,5.62,26.11,-0.0999999999999996,NA,76.7,491.7,103.39,14.499,2.071,12.8,5.56,5.38,11.45
2012,"201112",8,31,14.57,3.62,25.53,1.28,NA,37.5,451.75,65.248,13.491,1.998,11.92,5.56,5.13,11.2
2011,"201112",9,30,10.14,-0.3,20.58,1.33,NA,18.1,304.2,157.867,12.224,2.352,8.94,5.56,5.08,11.57
2011,"201112",10,31,4.03,-5.52,13.57,3.61,NA,48.6,138.5,126.71,10.878,3.467,3.72,5.09,5.79,11.12
2011,"201112",11,30,-4.32,-12.74,4.11,-2.38,NA,28,6.4,92.927,9.75,3.431,0.79,5,7.99,11.14
2011,"201112",12,31,-10.13,-19.71,-0.56,6.91,0.41,20.32,0,66.177,9.204,2.601,0.1,5,7.53,11.38
2013,"201213",1,31,-15.72,-24.99,-6.27,5.35,0.84,63.25,NA,40.971,9.512,2.524,-1.19,4.34,2.46,9.42
2013,"201213",2,28,-13.63,-23.38,-3.89,2.63,0.92,35.31,NA,42.118,10.467,2.274,-0.77,4.42,2.64,9.56
2013,"201213",3,31,-6.91,-15.94,2.21,1.77,0.97,86.36,NA,47.165,11.731,2.895,-0.5,4.44,3.26,9.57
2013,"201213",4,30,-0.65,-7.75,6.45,4.02,1.06,116.08,NA,145.54,13.08,2.578,0,6.22,18.39,14.06
2013,"201213",5,31,6.55,-2.13,15.23,3.63,0.71,66.29,140.8,709.677,14.219,2.854,2.62,11.67,24.34,27.96
2013,"201213",6,30,12.88,0.76,25.01,2.37,NA,0,386.55,799.833,14.793,2.541,11.8,9.31,13.61,22.15
2013,"201213",7,31,16.3,5.71,26.88,0.209999999999999,NA,70.2,505.15,200.355,14.522,1.929,13.09,6.34,7.05,13.25
2013,"201213",8,31,13.69,3.74,23.64,-0.469999999999999,NA,29.6,424.45,128.971,13.531,1.57,10.94,6.11,12.68,12.69
2012,"201213",9,30,9.96,-0.86,20.78,-0.35,NA,36.6,298.75,52.41,12.179,1.93,9.44,5.25,4.44,10.64
2012,"201213",10,31,3.87,-6.37,14.11,-0.8,NA,13.2,135.8,51.716,10.836,3.433,3.71,4.82,3.75,10.01
2012,"201213",11,30,-1.75,-12.09,8.59,1.14,NA,11.8,28.3,44.117,9.721,3.333,0.48,4.44,3.47,9.72
2012,"201213",12,31,-9.68,-17.14,-2.21,-3.19,1.31,113.54,5.8,41.487,9.2,3.067,-0.61,4.44,3.08,9.65
2014,"201314",1,31,-12.31,-21.27,-3.35,-5.41,1.01,128.02,NA,70.997,9.512,3.493,0.58,10,19.84,24.76
2014,"201314",2,28,-8.01,-15.18,-0.83,-2.82,1.1,169.16,NA,62.871,10.467,3.94,0.56,9.85,19.02,24.19
2014,"201314",3,31,-6.72,-15.75,2.31,-3.41,0.89,123.44,NA,71.377,11.731,3.113,0.56,9.44,19.39,23.91
2014,"201314",4,30,-0.42,-7.32,6.48,-4.27,0.79,81.28,NA,487.327,13.08,3.026,0.11,11.67,27.83,28.32
2014,"201314",5,31,6.12,-1.94,14.17,-1.36,0.64,71.63,59.1,1067.452,14.219,2.838,1.31,12.16,29.16,29.04
2014,"201314",6,30,11.18,-0.32,22.68,-0.93,NA,4.1,335.45,1668,14.793,2.631,10.06,10.47,18.19,25
2014,"201314",7,31,15.75,4.8,26.69,0.440000000000001,NA,27.2,472.55,521.484,14.522,2.203,12.85,6.88,7.23,15.88
2014,"201314",8,31,13.2,3.79,22.61,-0.880000000000001,NA,60.1,409.1,169.452,13.531,1.752,10.82,9.64,6.4,13.01
2013,"201314",9,30,10.72,2,19.69,-0.18,NA,97.6,300.15,197.31,12.224,2.151,9.19,8.04,18.4,18.03
2013,"201314",10,31,2.56,-6.27,11.4,-0.16,NA,33.8,93.35,169.194,10.878,2.422,2.85,10.92,24.54,26.49
2013,"201314",11,30,-3.97,-11.93,3.98,2.57,NA,48.4,6.7,114.523,9.75,3.054,0.84,10.8,22.64,26.48
2013,"201314",12,31,-13.56,-21.95,-5.16,0.450000000000001,0.89,85.6,0,85.116,9.204,3.141,0.56,10.37,21.05,25.46
2015,"201415",1,31,-10.66,-19.72,-1.61,3.41,0.8,43.69,NA,70.526,9.512,2.665,0.56,1.34,18.25,17.73
2015,"201415",2,28,-6.54,-15.2,2.12,5.62,0.86,59.44,NA,70.386,10.467,2.841,0.56,1.11,17.68,17.79
2015,"201415",3,31,-4.46,-13.9,4.98,0.19,0.49,74.68,NA,129.539,11.731,1.915,0.49,1.11,20.52,18.99
2015,"201415",4,30,1.82,-6.29,9.93,0.23,1.15,64.01,NA,307.333,13.08,2.313,0.02,1.09,29.3,27.41
2015,"201415",5,31,5.54,-1.16,12.24,-0.43,1.67,129.79,125.85,538.355,14.219,2.24,2.58,2.38,29.57,27.76
2015,"201415",6,30,12.45,2.27,22.63,-1.7,NA,40.4,361,1450.267,14.793,2.187,10.06,8.07,23.17,26.11
2015,"201415",7,31,13.43,4.19,22.66,-0.550000000000001,NA,71.1,416.25,434.355,14.522,2.182,11.21,10.26,16.04,21.19
2015,"201415",8,31,13.05,3.28,22.82,-0.49,NA,52.5,404.6,155.161,13.531,2.285,11.52,10.63,20.86,17.8
2014,"201415",9,30,10.85,1.19,20.52,0.76,NA,69.9,325.55,165.233,12.224,2.277,9.15,9.15,9.01,12.69
2014,"201415",10,31,5.32,-3.63,14.26,-1.31,NA,29.1,159.55,178.677,10.878,2.783,3.89,5.12,23.7,14.31
2014,"201415",11,30,-5.03,-13.54,3.49,-2.22,NA,77,24.25,110.593,9.75,3.481,1.19,2.48,20.4,17.46
2014,"201415",12,31,-9.59,-16.78,-2.4,-3.88,1.15,83.06,0.3,84.6,9.204,2.919,0.56,1.67,19.54,17.66
2016,"201516",1,31,-13.93,-24.21,-3.65,1.65,0.86,72.64,NA,54.994,9.512,2.44,0.56,1.44,6.27,13.19
2016,"201516",2,29,-10.08,-19.56,-0.61,1.47,0.68,45.97,NA,54.697,10.487,3.016,0.56,1.11,11.93,13.52
2016,"201516",3,31,-3.77,-11.6,4.05,2.26,0.9,74.17,NA,74.361,11.776,2.682,0.56,1.11,13.68,13.74
2016,"201516",4,30,0.76,-6.6,8.11,2.24,1.07,81.03,NA,259.18,13.122,2.737,0.19,1.11,27.27,24.78
2016,"201516",5,31,5.52,-2.17,13.18,-0.58,1.04,65.02,93.35,658.903,14.249,1.995,1.24,1.4,29.32,28.18
2016,"201516",6,30,12.53,1.5,23.55,1.27,NA,12.3,375.75,1283.333,14.798,2.096,10.96,8.56,21.15,23.57
2016,"201516",7,31,13.52,2.87,24.17,-2.32,NA,76.5,405.55,299.29,14.499,2.044,12.8,11.18,21.33,16.46
2016,"201516",8,31,12.06,3.14,20.98,-0.149999999999999,NA,83,373.9,124.439,13.491,1.854,10.97,10.48,10.22,14.39
2015,"201516",9,30,10.32,0.43,20.21,0.129999999999999,NA,38.3,309.55,127.803,12.224,2.469,9.57,9.5,21.39,14.86
2015,"201516",10,31,5.84,-3.13,14.8,2.76,NA,31.7,182.95,82.523,10.878,2.499,5.59,6.72,19.12,12.83
2015,"201516",11,30,-4.13,-13.44,5.18,-1.06,NA,39,9.5,80.55,9.75,3.636,1.26,2.7,14.36,12.32
2015,"201516",12,31,-10.81,-19.72,-1.89,3.97,0.81,115.82,0,67.119,9.204,3.151,0.61,1.85,8.35,13.24
2017,"201617",1,31,-11.08,-18.17,-3.99,-3.27,1.5,285.5,NA,55.429,9.512,2.957,0.56,1.36,8.23,12.64
2017,"201617",2,28,-6.18,-13.74,1.37,-3.54,1.43,142.75,NA,55.296,10.467,3.082,0.56,1.11,8.79,12.76
2017,"201617",3,31,-3.23,-11.25,4.78,0.69,0.75,25.65,NA,121.752,11.731,3.407,0.56,1.11,11.89,13.08
2017,"201617",4,30,0.32,-7.5,8.15,-1.06,1.09,62.48,NA,511.7,13.08,2.827,0.32,1.07,29.95,26.08
2017,"201617",5,31,5.78,-2.49,14.05,-0.0200000000000005,1.18,39.37,58.6,1046.516,14.219,2.274,1.24,1.32,31.02,28.36
2017,"201617",6,30,12.01,0.99,23.04,0.0800000000000001,NA,0,336.3,1890.833,14.793,2.321,11.74,9.17,18.31,23.53
2017,"201617",7,31,14.54,4.35,24.73,0.0899999999999999,NA,63.2,436.3,561.194,14.522,1.606,13.19,11.43,12.96,14.81
2017,"201617",8,31,13.02,3.25,22.79,-0.99,NA,25.1,403.7,207.742,13.531,1.604,11.46,10.38,13.96,13.38
2016,"201617",9,30,8.66,-1.01,18.34,-0.529999999999999,NA,27.7,259.85,101.917,12.179,2.538,8.31,8.52,5.31,13.77
2016,"201617",10,31,4.99,-4.69,14.68,0.52,NA,15.4,157.85,90.729,10.836,2.738,4.22,5.18,8.56,12.84
2016,"201617",11,30,-1.17,-10.42,8.07,0.9,NA,42,53.2,74.137,9.721,2.551,1.61,3.1,11.3,12.59
2016,"201617",12,31,-10.98,-18.84,-3.12,-1.22,1.26,143.76,0,58.952,9.2,3.194,0.62,1.67,7.83,12.5
2018,"201718",1,31,-10.22,-20.43,0,2.85,0.64,56.39,NA,52.552,9.512,2.918,-0.22,0.56,12.92,11.05
2018,"201718",2,28,-8.34,-16.62,-0.06,3.9,1.39,88.9,NA,50.168,10.467,3.412,-0.06,0.56,13.08,10.99
2018,"201718",3,31,-4.74,-13.38,3.91,0.54,0.95,55.63,NA,52.674,11.731,2.855,0,0.56,12.96,10.99
2018,"201718",4,30,2.1,-5.76,9.97,-0.44,0.97,73.91,NA,212.827,13.08,2.963,0.35,0.56,1.88,20.55
2018,"201718",5,31,7.55,-2.69,17.78,0.260000000000001,0.35,11.18,211.7,638.226,14.219,2.091,5.61,4.09,5.94,25.82
2018,"201718",6,30,12.2,1.04,23.35,-0.52,NA,14.8,365.85,370.167,14.793,2.596,13.11,9.98,13.68,17.26
2018,"201718",7,31,15.43,4.37,26.49,1.02,NA,68.8,478.35,97.642,14.522,1.662,15.05,12.15,14.23,13.8
2018,"201718",8,31,13.44,2.71,24.18,0.959999999999999,NA,42,416.75,56.261,13.531,2.454,13.26,11.68,8.44,12.42
2017,"201718",9,30,9.97,-0.17,20.11,-1.66,NA,34,289.1,98.223,12.224,2.186,9.74,9.37,14.41,12.02
2017,"201718",10,31,3.43,-6.4,13.26,-0.85,NA,35.2,116.45,98.042,10.878,2.836,3.64,4.59,9.94,11.15
2017,"201718",11,30,-0.67,-9.27,7.93,2.96,NA,52.6,29.5,75.903,9.75,3.114,1.35,2.39,9.19,11.02
2017,"201718",12,31,-6.61,-16.17,2.95,-0.17,0.54,37.08,2.45,56.652,9.204,2.956,0.16,1.1,10.79,11.07
2019,"201819",1,31,-12.93,-21.93,-3.94,0.859999999999999,1.21,109.73,NA,47.91,9.512,2.773,0.43,1.15,14.57,14.57
2019,"201819",2,28,-11.44,-19.34,-3.54,-2.16,1.5,106.68,NA,44.704,10.467,3.359,0.04,1.11,14.16,14.23
2019,"201819",3,31,-4.63,-12.25,2.98,-1.51,1.69,211.84,NA,45.4,11.731,2.706,0,1.11,14.34,14.03
2019,"201819",4,30,0.77,-6.05,7.59,1.78,1.15,91.44,NA,324.513,13.08,2.367,0,0.91,25.78,22.72
2019,"201819",5,31,3.7,-3.15,10.55,1.77,1.38,95.5,NA,731.806,14.219,2.142,0.16,0.56,31.85,27.75
2019,"201819",6,30,10.36,1.19,19.54,0.19,NA,18.4,265.55,1960.633,14.793,1.995,7.74,4.82,29.01,26.77
2019,"201819",7,31,14.53,3.74,25.33,0.890000000000001,NA,23.5,450.55,1108.677,14.522,2.094,14.37,10.59,13.81,20.68
2019,"201819",8,31,13.9,3.25,24.55,0.42,NA,31.3,431.05,278.935,13.531,1.857,13.31,11.06,9.44,14.98
2018,"201819",9,30,10.45,-0.36,21.26,1.31,NA,32.6,313.45,49.587,12.224,2.443,10.3,9.83,8.21,11.85
2018,"201819",10,31,3.64,-3.87,11.16,-1.56,NA,67,124.35,94.581,10.878,2.054,3.23,5.21,21.25,13.52
2018,"201819",11,30,-6.59,-14.71,1.53,0.5,NA,64.1,1.95,69.163,9.75,2.679,0.71,2.32,21.94,16.43
2018,"201819",12,31,-13.12,-21.98,-4.26,4.37,1.32,67.56,0,53.003,9.204,2.316,0.56,1.67,16.85,15.16
2020,"201920",1,31,-12.9,-22.33,-3.47,-2.71,1.09,58.17,NA,55.248,9.512,2.692,-0.56,0.63,4.97,10.12
2020,"201920",2,29,-10.86,-19.92,-1.79,-3.1,1.42,70.61,NA,50.341,10.487,2.585,-0.56,0.56,4.77,10.12
2020,"201920",3,31,-3.41,-10.71,3.88,0.11,1.71,116.33,NA,54.413,11.776,2.343,-0.22,0.56,5.65,10.33
2020,"201920",4,30,0.44,-7.39,8.27,-1.33,1.02,54.36,NA,182.553,13.122,2.338,0.34,0.98,8.05,10.94
2020,"201920",5,31,8.09,-1.66,17.85,-3.85,0.43,14.99,197,795.387,14.249,2.65,5.56,3.39,27.85,27.14
2020,"201920",6,30,12.13,1.96,22.3,-1.84,NA,30.3,363.95,716.233,14.798,3.06,12.72,9.24,16.12,20.87
2020,"201920",7,31,14.13,3.6,24.66,-0.9,NA,49.1,438.15,155.452,14.499,2.311,13.96,11.27,7.85,14.35
2020,"201920",8,31,14.57,2.49,26.65,0.460000000000001,NA,16.5,451.55,71.8,13.491,1.994,14.7,12.22,7.17,12.36
2019,"201920",9,30,10.63,-0.5,21.75,0.479999999999999,NA,12.5,318.85,102.573,12.224,2.158,11.01,10.08,6.49,12.13
2019,"201920",10,31,0.5,-9.85,10.84,0.21,NA,31.5,77.85,78.665,10.878,2.7,3.35,5.43,5.06,10.63
2019,"201920",11,30,-3.18,-12.17,5.8,-5.92,NA,27.8,7.5,73.047,9.75,2.767,-0.67,1.46,4.45,10.09
2019,"201920",12,31,-12.2,-21.11,-3.29,-6.51,1.04,87.38,0,61.11,9.204,2.627,-0.31,1.11,5.25,10.08
2021,"202021",1,31,-11.7,-20.39,-3.01,0.0299999999999994,1.07,48.51,NA,40.687,9.512,2.616,-0.4,0.86,6.09,9.71
2021,"202021",2,28,-9.54,-17.19,-1.89,0.58,1.27,103.12,NA,41.596,10.467,3.548,-0.04,0.84,6.56,9.68
2021,"202021",3,31,-5.99,-14.22,2.24,1.22,1.24,64.52,NA,42.397,11.731,2.479,0,0.7,6.73,9.82
2021,"202021",4,30,2.24,-6.38,10.86,-0.33,0.92,28.98,NA,161.66,13.08,2.444,0.41,1.09,26.76,21.01
2021,"202021",5,31,6.58,-2.26,15.43,4.39,0.8,33.02,173.35,437.065,14.219,2.247,4.7,3.19,30.51,26.95
2021,"202021",6,30,13.01,1.66,24.36,1.77,NA,29.8,390.25,569.633,14.793,2.369,13.09,9.46,14.73,19.4
2021,"202021",7,31,15.54,5.65,25.44,-0.399999999999999,NA,110.3,481.75,144.516,14.522,2.007,14.55,11.49,14,16.81
2021,"202021",8,31,12.88,2.98,22.78,0.67,NA,51.8,399.25,100.529,13.531,2.028,13.1,11.49,15.22,17.82
2020,"202021",9,30,9.29,-1.69,20.26,0.180000000000001,NA,21.8,278.55,65.35,12.179,2.463,9.5,9.39,7.39,11.14
2020,"202021",10,31,4.08,-7.34,15.49,-3.14,NA,9.6,152.25,58.174,10.836,3.233,5.57,6.63,5.63,10.46
2020,"202021",11,30,-3.77,-12.57,5.03,3.41,NA,56,27.95,63.61,9.721,2.839,1.28,3.15,8.46,9.85
2020,"202021",12,31,-13.03,-22.26,-3.8,0.92,0.82,77.22,0,44.829,9.2,2.506,0.07,1.7,8.13,9.7
2022,"202122",1,31,-14.09,-23.66,-4.52,1.2,0.43,29.21,NA,56.435,9.512,2.399,0,1.11,13.81,1.71
2022,"202122",2,28,-13.5,-23.03,-3.97,1.32,0.72,54.1,NA,50.421,10.467,2.243,0,0.93,9.12,2.94
2022,"202122",3,31,-7.46,-16.83,1.9,-2.58,0.8,75.95,NA,63.103,11.731,2.289,0,0.56,12.05,16.79
2022,"202122",4,30,0.38,-7.1,7.85,1.8,0.93,79.5,NA,267.633,13.08,3.176,0,0.56,32.37,38.72
2022,"202122",5,31,6.6,-2.3,15.5,-1.51,0.56,34.04,140.75,1095.258,14.219,2.303,5.45,3.51,29.98,36.46
2022,"202122",6,30,11.98,2.05,21.9,0.879999999999999,NA,45,359.3,883.1,14.793,2.34,12.74,9.2,14.51,35.27
2022,"202122",7,31,14.83,5.58,24.09,1.41,NA,61.8,459.85,225.323,14.522,1.753,14.39,11.49,14.79,18.4
2022,"202122",8,31,14.61,5.17,24.05,-1.69,NA,60.7,453,115.181,13.531,1.582,12.99,11.51,10.29,17.76
2021,"202122",9,30,10.9,-0.02,21.83,-1.34,NA,37.4,327.15,63.987,12.224,1.74,11.13,10.61,7.03,19.2
2021,"202122",10,31,3.09,-5.37,11.55,3.58,NA,42.2,108.05,95.616,10.878,2.448,3.32,5.41,17.34,19.05
2021,"202122",11,30,-0.57,-9.18,8.03,-0.59,NA,29.5,30.3,85.347,9.75,2.566,0.84,2.56,26.95,16.61
2021,"202122",12,31,-8.65,-16.68,-0.63,-0.83,1.4,248.16,1.7,58.058,9.204,3.807,0,1.54,11.02,14.89
2022,"202223",9,30,11.46,0.48,22.44,1.61,NA,23.6,NA,86.933,12.224,2.136,11.3,10.7,10.35,18.81
2022,"202223",10,31,3.37,-5.85,12.6,-0.99,NA,46.2,NA,99.219,10.878,2.036,3.98,5.82,18.61,18.75
2022,"202223",11,30,-5.35,-13.66,2.95,3.2,NA,45.1,NA,NA,9.75,2.75,0.52,2.63,11.73,18.89
2022,"202223",12,31,-10.94,-18.25,-3.64,4.38,1.2,125.73,NA,NA,9.204,3.235,-0.33,1.4,7.1,15.96
